modelo,entrenamiento,prueba,brecha_f1
HistGradientBoosting,0.8984962406015038,0.7384615384615385,0.1600347021399653
Árbol de decisión,0.8023952095808383,0.656,0.1463952095808383
Bosque aleatorio,0.857707509881423,0.7213114754098361,0.13639603447158688
K vecinos,0.788235294117647,0.7384615384615385,0.04977375565610853
Regresión logística,0.7390476190476191,0.7244094488188977,0.014638170228721381
